<?xml version="1.0" encoding="utf-8"?>
<!-- Code initially generated with SharePoint Software Factory, Version 4.1 , spsf.codeplex.com -->
<Elements xmlns="http://schemas.microsoft.com/sharepoint/">
  <Receivers ListUrl="Lists/Scan List">
		<Receiver>
			<Name>ScanListEventADDItemAdded</Name>
			<Type>ItemAdded</Type>
			<SequenceNumber>100</SequenceNumber>
			<Assembly>Medicaid_OPRForm, Version=1.0.0.0, Culture=neutral, PublicKeyToken=b911e7595619a143</Assembly>
			<Class>Medicaid_OPRForm.ScanListEventADD</Class>
			<Data></Data>
			<Filter></Filter>
		</Receiver>
		<Receiver>
			<Name>ScanListEventADDItemUpdated</Name>
			<Type>ItemUpdated</Type>
			<SequenceNumber>100</SequenceNumber>
			<Assembly>Medicaid_OPRForm, Version=1.0.0.0, Culture=neutral, PublicKeyToken=b911e7595619a143</Assembly>
			<Class>Medicaid_OPRForm.ScanListEventADD</Class>
			<Data></Data>
			<Filter></Filter>
		</Receiver>
	</Receivers>
</Elements>