﻿<?xml version="1.0" encoding="utf-8"?>
<Solution xmlns="http://schemas.microsoft.com/sharepoint/">
	<CodeAccessSecurity>
		<PolicyItem>
			<PermissionSet class="NamedPermissionSet" version="1">
				<IPermission class="SharePointPermission" version="1" ObjectModel="True" />
				<IPermission class="WebPartPermission" version="1" Connections="True" />
				<IPermission class="System.Security.Permissions.SecurityPermission, mscorlib, Version=2.0.0.0, Culture=neutral, PublicKeyToken=b77a5c561934e089" version="1" Flags="Execution" />
				<IPermission class="SmtpPermission" version="1" Access="Connect" />
				<IPermission class="AspNetHostingPermission" version="1" Level="Minimal" />
			</PermissionSet>
			<Assemblies>
				<Assembly Name="$SharePoint.Project.AssemblyName$" Version="$SharePoint.Project.AssemblyVersion$" PublicKeyBlob="$SharePoint.Project.AssemblyPublicKeyBlob$" />
			</Assemblies>
		</PolicyItem>
	</CodeAccessSecurity>
</Solution>