﻿<?xml version="1.0" encoding="utf-8"?>
<Elements xmlns="http://schemas.microsoft.com/sharepoint/">
  <Receivers ListTemplateId="101">
  <Receiver>
<Name>MergeDocEventReceiverItemAdded</Name>
<Type>ItemAdded</Type>
<Assembly>$SharePoint.Project.AssemblyFullName$</Assembly>
<Class>Medicaid_OPRForm.EventReceivers.MergeDocEventReceiver.MergeDocEventReceiver</Class>
<SequenceNumber>10000</SequenceNumber>
</Receiver>
<Receiver>
<Name>MergeDocEventReceiverItemUpdated</Name>
<Type>ItemUpdated</Type>
<Assembly>$SharePoint.Project.AssemblyFullName$</Assembly>
<Class>Medicaid_OPRForm.EventReceivers.MergeDocEventReceiver.MergeDocEventReceiver</Class>
<SequenceNumber>10000</SequenceNumber>
</Receiver>
</Receivers>
</Elements>
