﻿<?xml version="1.0" encoding="utf-8"?>
<Elements xmlns="http://schemas.microsoft.com/sharepoint/">
  <Receivers ListTemplateId="101">
      <Receiver>
        <Name>MergeItemAdding</Name>
        <Type>ItemAdding</Type>
        <Assembly>$SharePoint.Project.AssemblyFullName$</Assembly>
        <Class>MergeEventReceiver.Merge.Merge</Class>
        <SequenceNumber>10000</SequenceNumber>
      </Receiver>
  <Receiver>
<Name>MergeItemAdded</Name>
<Type>ItemAdded</Type>
<Assembly>$SharePoint.Project.AssemblyFullName$</Assembly>
<Class>MergeEventReceiver.Merge.Merge</Class>
<SequenceNumber>10000</SequenceNumber>
</Receiver>
</Receivers>
</Elements>
