﻿<?xml version="1.0" encoding="utf-8"?>
<Elements xmlns="http://schemas.microsoft.com/sharepoint/">
  <!--<Receivers ListTemplateId="100">-->
  <Receivers ListUrl="Lists/test event receiver">
    <Receiver>
        <Name>GeneratePdfForNewOprItemAdding</Name>
        <Type>ItemAdded</Type>
        <Assembly>$SharePoint.Project.AssemblyFullName$</Assembly>
        <Class>GeneratePdfForNewOpr.GeneratePdfForNewOpr.GeneratePdfForNewOpr</Class>
        <SequenceNumber>10000</SequenceNumber>
      <Synchronization>Synchronous</Synchronization>
    </Receiver>
    <Receiver>
      <Name>GeneratePdfForNewOprItemAdding</Name>
      <Type>ItemUpdated</Type>
      <Assembly>$SharePoint.Project.AssemblyFullName$</Assembly>
      <Class>GeneratePdfForNewOpr.GeneratePdfForNewOpr.GeneratePdfForNewOpr</Class>
      <SequenceNumber>10000</SequenceNumber>
      <Synchronization>Synchronous</Synchronization>

    </Receiver>
  </Receivers>
</Elements>
