﻿<Feature xmlns="http://schemas.microsoft.com/sharepoint/" Description="Medicaid OPR Process" Id="da3d546e-cda1-4189-b858-7e8063918e26" Scope="Site" Title="Medicaid OPR Process" ImageUrl="Medicaid_OPRForm\OPRFeature1.png">
  <ElementManifests>
    <ElementFile Location="DailyLogSheet\DailyLogSheet.webpart" />
    <ElementManifest Location="DailyLogSheet\Elements.xml" />
    <ElementManifest Location="HPEEntry\Elements.xml" />
    <ElementFile Location="HPEEntry\HPEEntry.webpart" />
    <!--<ElementManifest Location="Elements.xml" />
    <ElementFile Location="VisualWebPart1\VisualWebPart1.webpart" />
    <ElementManifest Location="OPRGrid\Elements.xml" />
    <ElementFile Location="OPRGrid\OPRGrid.webpart" />
    <ElementManifest Location="ScanListEventADD\Elements.xml" />
    <ImageUrl = "Images\OPRForm.gif" />-->
    </ElementManifests>
</Feature>