﻿<?xml version="1.0" encoding="utf-8"?>
<Elements xmlns="http://schemas.microsoft.com/sharepoint/">
  <Receivers ListUrl="Lists/test event receiver">
      <Receiver>
        <Name>EventReceiver1ItemAdding</Name>
        <Type>ItemAdding</Type>
        <Assembly>$SharePoint.Project.AssemblyFullName$</Assembly>
        <Class>GeneratePdfForNewOpr.EventReceiver1.EventReceiver1</Class>
        <SequenceNumber>10000</SequenceNumber>
        <Synchronization>Synchronous</Synchronization>

      </Receiver>
  </Receivers>
</Elements>
