﻿<?xml version="1.0" encoding="utf-8"?>
<Elements xmlns="http://schemas.microsoft.com/sharepoint/">
  <Receivers ListTemplateId="101">
    <!--<Receivers ListUrl="Documents">-->
      <Receiver>
        <Name>MergeScannedDocItemAdded</Name>
        <Type>ItemAdded</Type>
        <Assembly>$SharePoint.Project.AssemblyFullName$</Assembly>
        <Class>Medicaid_ScanMerge_EventReceiver.MergeScannedDoc.MergeScannedDoc</Class>
        <SequenceNumber>10000</SequenceNumber>
      </Receiver>
  </Receivers>
</Elements>
